,RMSE,MAE,R²
XGBoost,0.3245212927635299,0.2625599158906471,0.7102966732473415
Random Forest,0.33235686069867504,0.26676517586105714,0.6961380056399173
SVR,0.33509838077109083,0.27309444717773673,0.6911043828700261
PyTorch LSTM,0.36886435244132915,0.3008559672216171,0.6257166908782239
