,Random Forest,XGBoost,SVR,PyTorch LSTM
Random Forest,1.0,0.9892336174886199,0.9598465785351732,0.9457122756730647
XGBoost,0.9892336174886199,1.0,0.9716684298108621,0.9514398654144132
SVR,0.9598465785351732,0.9716684298108621,1.0,0.9811052436170519
PyTorch LSTM,0.9457122756730647,0.9514398654144132,0.9811052436170519,1.0
